Biobank,Cluster_ID,Number_of_Publications,Total_Unique_MeSH_Terms,Top_5_Semantic_Terms_cDF_IPF,Cluster_Description,Primary_Research_Theme,c_DF_IPF_Score_Range,Term_1_MeSH,Term_1_Semantic_Descriptor,Term_1_cDF_IPF_Score,Term_1_DF_Score,Term_1_IPF_Score,Term_2_MeSH,Term_2_Semantic_Descriptor,Term_2_cDF_IPF_Score,Term_2_DF_Score,Term_2_IPF_Score,Term_3_MeSH,Term_3_Semantic_Descriptor,Term_3_cDF_IPF_Score,Term_3_DF_Score,Term_3_IPF_Score,Term_4_MeSH,Term_4_Semantic_Descriptor,Term_4_cDF_IPF_Score,Term_4_DF_Score,Term_4_IPF_Score,Term_5_MeSH,Term_5_Semantic_Descriptor,Term_5_cDF_IPF_Score,Term_5_DF_Score,Term_5_IPF_Score
All of Us,C0,76,320,retrospective_studies (Retrospective Studies): 0.6085 | female (Female): 0.5328 | female male (Female Male): 0.5324 | humans female (Humans Female): 0.5280 | risk_factors (Risk Factors): 0.5006,"Research spanning Retrospective Studies, Female, and Female Male",Retrospective Studies,0.6085 - 0.5006,retrospective_studies,Retrospective Studies,0.6084993173676135,0.21052631578947367,2.8903717574961645,female,Female,0.5327534782114932,0.5921052631578947,0.8997614298682997,female male,Female Male,0.5324369026966619,0.18421052631578946,2.8903717574961645,humans female,Humans Female,0.5280119167019681,0.19736842105263158,2.6752603779566386,risk_factors,Risk Factors,0.5006156805002421,0.2236842105263158,2.238046571648141
All of Us,C8,61,249,male female (Male Female): 1.3491 | adult middle_aged (Adult Middle Aged): 1.1685 | middle_aged (Middle Aged): 1.0528 | young_adult (Young Adult): 1.0446 | adult (Adult): 0.9493,"Research spanning Male Female, Adult Middle Aged, and Middle Aged",Male Female,1.3491 - 0.9493,male female,Male Female,1.3490576453379441,0.5573770491803278,2.4203681284004293,adult middle_aged,Adult Middle Aged,1.1685045263763394,0.4098360655737705,2.851151044358268,middle_aged,Middle Aged,1.0527934339445144,0.8852459016393442,1.1892666568632477,young_adult,Young Adult,1.0445821760155798,0.47540983606557374,2.1972245771362195,adult,Adult,0.9493136225936091,0.9180327868852459,1.0340737674680385
All of Us,C2,59,274,female humans (Female Humans): 1.4212 | male middle_aged (Male Middle Aged): 1.3793 | humans male (Humans Male): 1.3319 | adult aged (Adult Aged): 1.0098 | male (Male): 0.9353,"Research spanning Female Humans, Male Middle Aged, and Humans Male",Female Humans,1.4212 - 0.9353,female humans,Female Humans,1.4211634415858547,0.5932203389830508,2.3956755158161553,male middle_aged,Male Middle Aged,1.3792716644349001,0.5932203389830508,2.3250579486188316,humans male,Humans Male,1.3318850473669208,0.6610169491525424,2.014903020375598,adult aged,Adult Aged,1.0097814307951745,0.3728813559322034,2.7080502007688767,male,Male,0.9352816268504209,0.9322033898305084,1.0033021088031788
All of Us,C5,50,184,precision_medicine (Precision Medicine): 1.5965 | humans precision_medicine (Humans Precision Medicine): 0.7613 | population_health precision_medicine (Population Health Precision Medicine): 0.4996 | precision_medicine united_states (Precision Medicine United States): 0.4500 | biomedical_research (Biomedical Research): 0.4357,"Research spanning Precision Medicine, Humans Precision Medicine, and Population Health Precision Medicine",Precision Medicine,1.5965 - 0.4357,precision_medicine,Precision Medicine,1.5965476448037532,0.72,2.2174272844496574,humans precision_medicine,Humans Precision Medicine,0.761332497754064,0.2,3.8066624887703195,population_health precision_medicine,Population Health Precision Medicine,0.4996004918736577,0.12,4.163337432280481,precision_medicine united_states,Precision Medicine United States,0.4499809668330265,0.1,4.499809668330265,biomedical_research,Biomedical Research,0.43566626311207723,0.18,2.4203681284004293
All of Us,C4,39,150,crosssectional_studies population_health (Crosssectional Studies Population Health): 1.5717 | crosssectional_studies (Crosssectional Studies): 1.1787 | humans united_states (Humans United States): 1.0099 | psoriasis (Psoriasis): 0.7849 | population_health prevalence (Population Health Prevalence): 0.7613,"Research spanning Crosssectional Studies Population Health, Crosssectional Studies, and Humans United States",Crosssectional Studies Population Health,1.5717 - 0.7613,crosssectional_studies population_health,Crosssectional Studies Population Health,1.5716539202896163,0.5128205128205128,3.064725144564752,crosssectional_studies,Crosssectional Studies,1.1786734629541116,0.6923076923076923,1.7025283353781613,humans united_states,Humans United States,1.0099423084475725,0.358974358974359,2.813410716389666,psoriasis,Psoriasis,0.7848917033066513,0.23076923076923078,3.4011973809954887,population_health prevalence,Population Health Prevalence,0.7613030377552623,0.20512820512820512,3.711352309056904
All of Us,C1,37,142,biomedical_research (Biomedical Research): 1.4391 | electronic_health_records (Electronic Health Records): 1.2058 | electronic_health_records humans (Electronic Health Records Humans): 0.9516 | research_personnel (Research Personnel): 0.5877 | cohort_studies (Cohort Studies): 0.5187,"Research spanning Biomedical Research, Electronic Health Records, and Electronic Health Records Humans",Biomedical Research,1.4391 - 0.5187,biomedical_research,Biomedical Research,1.439137806075931,0.5945945945945946,2.4203681284004293,electronic_health_records,Electronic Health Records,1.2057541045926121,0.5135135135135135,2.3480474668382447,electronic_health_records humans,Electronic Health Records Humans,0.9515731632122517,0.24324324324324326,3.9120230043170348,research_personnel,Research Personnel,0.5877309619691403,0.16216216216216217,3.6243409321430318,cohort_studies,Cohort Studies,0.5187476288386877,0.1891891891891892,2.7419517524330637
All of Us,C7,35,134,genomics (Genomics): 2.1148 | genomics humans (Genomics Humans): 1.1391 | genetic_predisposition_to_disease (Genetic Predisposition To Disease): 1.0887 | genomewide_association_study (Genomewide Association Study): 0.8496 | genetic_testing (Genetic Testing): 0.7249,"Research spanning Genomics, Genomics Humans, and Genetic Predisposition To Disease",Genomics,2.1148 - 0.7249,genomics,Genomics,2.1148093437217113,0.8,2.6435116796521387,genomics humans,Genomics Humans,1.1390785786735242,0.3142857142857143,3.6243409321430318,genetic_predisposition_to_disease,Genetic Predisposition To Disease,1.0887291078856227,0.37142857142857144,2.931193751999753,genomewide_association_study,Genomewide Association Study,0.8496438189715523,0.2857142857142857,2.973753366400433,genetic_testing,Genetic Testing,0.7248681864286064,0.2,3.6243409321430318
All of Us,C9,32,115,surveys_and_questionnaires (Surveys And Questionnaires): 1.1429 | humans pandemics (Humans Pandemics): 0.8815 | pandemics (Pandemics): 0.7440 | population_health (Population Health): 0.6747 | population_health surveys_and_questionnaires (Population Health Surveys And Questionnaires): 0.6505,"Research spanning Surveys And Questionnaires, Humans Pandemics, and Pandemics",Surveys And Questionnaires,1.1429 - 0.6505,surveys_and_questionnaires,Surveys And Questionnaires,1.1429481035333018,0.40625,2.813410716389666,humans pandemics,Humans Pandemics,0.8815200712138033,0.21875,4.029806039834529,pandemics,Pandemics,0.7440119270927632,0.21875,3.4011973809954887,population_health,Population Health,0.674736328637378,0.71875,0.9387635876693955,population_health surveys_and_questionnaires,Population Health Surveys And Questionnaires,0.6505214737938252,0.15625,4.163337432280481
All of Us,C6,31,152,depression (Depression): 1.4537 | covid19 (Covid19): 1.1511 | anxiety (Anxiety): 1.1357 | sarscov2 (Sarscov2): 1.0290 | glaucoma (Glaucoma): 0.9578,"Research spanning Depression, Covid19, and Anxiety",Depression,1.4537 - 0.9578,depression,Depression,1.4536858561411945,0.45161290322580644,3.218875824312645,covid19,Covid19,1.1511303353808127,0.3870967741935484,2.973753366400433,anxiety,Anxiety,1.1357486141565585,0.2903225806451613,3.9120230043170348,sarscov2,Sarscov2,1.0289898071226575,0.2903225806451613,3.544298224533598,glaucoma,Glaucoma,0.9577683378211365,0.25806451612903225,3.711352309056904
All of Us,C3,30,102,casecontrol_studies (Casecontrol Studies): 1.8729 | casecontrol_studies population_health (Casecontrol Studies Population Health): 1.2081 | comorbidity (Comorbidity): 1.1803 | dermatitis_atopic (Dermatitis Atopic): 0.9070 | population_health (Population Health): 0.8136,"Research spanning Casecontrol Studies, Casecontrol Studies Population Health, and Comorbidity",Casecontrol Studies,1.8729 - 0.8136,casecontrol_studies,Casecontrol Studies,1.8728596487254408,0.7333333333333333,2.5538995209892374,casecontrol_studies population_health,Casecontrol Studies Population Health,1.2081136440476772,0.3333333333333333,3.6243409321430318,comorbidity,Comorbidity,1.1802544689146364,0.36666666666666664,3.218875824312645,dermatitis_atopic,Dermatitis Atopic,0.9069859682654636,0.26666666666666666,3.4011973809954887,population_health,Population Health,0.8135951093134761,0.8666666666666667,0.9387635876693955
Estonian Biobank,C7,133,497,phenotype polymorphism_single_nucleotide (Phenotype Polymorphism Single Nucleotide): 0.5699 | quantitative_trait_loci (Quantitative Trait Loci): 0.5477 | polymorphism_single_nucleotide (Polymorphism Single Nucleotide): 0.5288 | phenotype (Phenotype): 0.5085 | animals (Animals): 0.4322,"Research spanning Phenotype Polymorphism Single Nucleotide, Quantitative Trait Loci, and Polymorphism Single Nucleotide",Genomics,0.5699 - 0.4322,phenotype polymorphism_single_nucleotide,Phenotype Polymorphism Single Nucleotide,0.5699317023545661,0.21804511278195488,2.613824703901976,quantitative_trait_loci,Quantitative Trait Loci,0.5476681729048545,0.23308270676691728,2.3496731289143757,polymorphism_single_nucleotide,Polymorphism Single Nucleotide,0.528779043206862,0.5338345864661654,0.9905297569931358,phenotype,Phenotype,0.5085442770264276,0.2857142857142857,1.7799049695924964,animals,Animals,0.43222715681661356,0.15789473684210525,2.7374386598385527
Estonian Biobank,C4,82,498,young_adult (Young Adult): 1.5514 | adult aged (Adult Aged): 1.4195 | adolescent adult (Adolescent Adult): 1.3468 | adolescent (Adolescent): 1.2993 | adult (Adult): 1.2241,"Research spanning Young Adult, Adult Aged, and Adolescent Adult",Pediatric,1.5514 - 1.2241,young_adult,Young Adult,1.5514357965467864,0.6951219512195121,2.2318900932778334,adult aged,Adult Aged,1.419486880283735,0.6585365853658537,2.155517114504931,adolescent adult,Adolescent Adult,1.346824148572303,0.524390243902439,2.5683623298355545,adolescent,Adolescent,1.2993429701051384,0.5487804878048781,2.3676916344138075,adult,Adult,1.2241138658565842,0.9878048780487805,1.239226382719011
Estonian Biobank,C0,70,397,male middle_aged (Male Middle Aged): 1.1035 | middle_aged (Middle Aged): 1.0987 | aged (Aged): 0.9939 | humans male (Humans Male): 0.8558 | male (Male): 0.7130,"Research spanning Male Middle Aged, Middle Aged, and Aged",Male Middle Aged,1.1035 - 0.7130,male middle_aged,Male Middle Aged,1.1034635848036547,0.5571428571428572,1.9805756650322008,middle_aged,Middle Aged,1.098657275051723,0.7857142857142857,1.3982910773385566,aged,Aged,0.9939155690662297,0.6,1.6565259484437163,humans male,Humans Male,0.8557928628108449,0.5,1.7115857256216898,male,Male,0.7130000320498124,0.8714285714285714,0.8181967580899486
Estonian Biobank,C9,66,295,genetics_population (Genetics Population): 0.8192 | genetic_variation (Genetic Variation): 0.7563 | genome_human (Genome Human): 0.7259 | estonia (Estonia): 0.6622 | haplotypes (Haplotypes): 0.6144,"Research spanning Genetics Population, Genetic Variation, and Genome Human",Genomics,0.8192 - 0.6144,genetics_population,Genetics Population,0.819222435339177,0.24242424242424243,3.3792925457741054,genetic_variation,Genetic Variation,0.7563278879791085,0.3484848484848485,2.1703322002878767,genome_human,Genome Human,0.7258507507854235,0.2727272727272727,2.661452752879886,estonia,Estonia,0.6622333568636837,0.30303030303030304,2.185370077650156,haplotypes,Haplotypes,0.6144168265043828,0.18181818181818182,3.3792925457741054
Estonian Biobank,C6,65,367,obesity (Obesity): 1.0610 | body_mass_index (Body Mass Index): 1.0211 | genetic_loci (Genetic Loci): 1.0102 | white_people (White People): 0.7060 | genetic_loci genomewide_association_study (Genetic Loci Genomewide Association Study): 0.6969,"Research spanning Obesity, Body Mass Index, and Genetic Loci",Genomics,1.0610 - 0.6969,obesity,Obesity,1.0609853968861325,0.4307692307692308,2.4630018141999503,body_mass_index,Body Mass Index,1.0210533502717416,0.47692307692307695,2.1409183150859095,genetic_loci,Genetic Loci,1.0101596570651488,0.4461538461538462,2.2641509554908508,white_people,White People,0.7060426404715888,0.3230769230769231,2.185370077650156,genetic_loci genomewide_association_study,Genetic Loci Genomewide Association Study,0.6969306122752753,0.2,3.484653061376376
Estonian Biobank,C5,62,248,genetic_predisposition_to_disease genomewide_association_study (Genetic Predisposition To Disease Genomewide Association Study): 1.4725 | genetic_predisposition_to_disease (Genetic Predisposition To Disease): 1.0247 | genomewide_association_study humans (Genomewide Association Study Humans): 0.9580 | genomewide_association_study (Genomewide Association Study): 0.6571 | humans polymorphism_single_nucleotide (Humans Polymorphism Single Nucleotide): 0.6274,"Research spanning Genetic Predisposition To Disease Genomewide Association Study, Genetic Predisposition To Disease, and Genomewide Association Study Humans",Genomics,1.4725 - 0.6274,genetic_predisposition_to_disease genomewide_association_study,Genetic Predisposition To Disease Genomewide Association Study,1.472466522481124,0.8225806451612904,1.7900573410554839,genetic_predisposition_to_disease,Genetic Predisposition To Disease,1.0246794792608183,0.8387096774193549,1.221733225272514,genomewide_association_study humans,Genomewide Association Study Humans,0.9580127044739324,0.6290322580645161,1.5229945558303541,genomewide_association_study,Genomewide Association Study,0.6571417396420304,0.9838709677419355,0.6679145550459981,humans polymorphism_single_nucleotide,Humans Polymorphism Single Nucleotide,0.6274384143881876,0.16129032258064516,3.890118169206763
Estonian Biobank,C2,35,227,genetic_variation (Genetic Variation): 2.1083 | genetic_variation genomewide_association_study (Genetic Variation Genomewide Association Study): 2.0483 | genetic_predisposition_to_disease genetic_variation (Genetic Predisposition To Disease Genetic Variation): 1.9310 | genetic_predisposition_to_disease (Genetic Predisposition To Disease): 0.6981 | diabetes_mellitus_type_2 (Diabetes Mellitus Type 2): 0.6871,"Research spanning Genetic Variation, Genetic Variation Genomewide Association Study, and Genetic Predisposition To Disease Genetic Variation",Genomics,2.1083 - 0.6871,genetic_variation,Genetic Variation,2.1083227088510803,0.9714285714285714,2.1703322002878767,genetic_variation genomewide_association_study,Genetic Variation Genomewide Association Study,2.048267156363028,0.6571428571428571,3.116928281421999,genetic_predisposition_to_disease genetic_variation,Genetic Predisposition To Disease Genetic Variation,1.9310243118709174,0.5714285714285714,3.3792925457741054,genetic_predisposition_to_disease,Genetic Predisposition To Disease,0.6981332715842936,0.5714285714285714,1.221733225272514,diabetes_mellitus_type_2,Diabetes Mellitus Type 2,0.6870665445963701,0.2857142857142857,2.4047329060872955
Estonian Biobank,C1,27,113,biological_specimen_banks (Biological Specimen Banks): 1.5826 | europe (Europe): 1.1153 | databases_factual (Databases Factual): 1.0865 | europe humans (Europe Humans): 1.0185 | biomedical_research (Biomedical Research): 1.0185,"Research spanning Biological Specimen Banks, Europe, and Databases Factual",Biological Specimen Banks,1.5826 - 1.0185,biological_specimen_banks,Biological Specimen Banks,1.5825912749543432,0.5555555555555556,2.8486642949178176,europe,Europe,1.1152527873416325,0.4074074074074074,2.7374386598385527,databases_factual,Databases Factual,1.0865109979434724,0.2962962962962963,3.6669746180592195,europe humans,Europe Humans,1.0185034108740831,0.2222222222222222,4.583265348933375,biomedical_research,Biomedical Research,1.0185034108740831,0.2222222222222222,4.583265348933375
Estonian Biobank,C8,25,110,depressive_disorder_major (Depressive Disorder Major): 1.6764 | polymorphism_single_nucleotide risk_factors (Polymorphism Single Nucleotide Risk Factors): 1.6438 | risk_factors (Risk Factors): 1.4485 | depressive_disorder_major genomewide_association_study (Depressive Disorder Major Genomewide Association Study): 0.7982 | genomewide_association_study humans (Genomewide Association Study Humans): 0.7920,"Research spanning Depressive Disorder Major, Polymorphism Single Nucleotide Risk Factors, and Risk Factors",Genomics,1.6764 - 0.7920,depressive_disorder_major,Depressive Disorder Major,1.6764332031028246,0.44,3.8100754615973287,polymorphism_single_nucleotide risk_factors,Polymorphism Single Nucleotide Risk Factors,1.6438256953793629,0.44,3.735967489498552,risk_factors,Risk Factors,1.448541302604875,0.8,1.8106766282560935,depressive_disorder_major genomewide_association_study,Depressive Disorder Major Genomewide Association Study,0.798196872993313,0.16,4.988730456208206,genomewide_association_study humans,Genomewide Association Study Humans,0.7919571690317841,0.52,1.5229945558303541
Estonian Biobank,C3,22,104,endometrium (Endometrium): 1.2500 | prospective_studies (Prospective Studies): 1.0308 | multicenter_studies_as_topic (Multicenter Studies As Topic): 0.9070 | menstrual_cycle (Menstrual Cycle): 0.8665 | gene_expression_profiling humans (Gene Expression Profiling Humans): 0.8665,"Research spanning Endometrium, Prospective Studies, and Multicenter Studies As Topic",Epidemiological,1.2500 - 0.8665,endometrium,Endometrium,1.249981458800011,0.2727272727272727,4.583265348933375,prospective_studies,Prospective Studies,1.0307597374658704,0.3181818181818182,3.239530603464164,multicenter_studies_as_topic,Multicenter Studies As Topic,0.9070419011287647,0.18181818181818182,4.988730456208206,menstrual_cycle,Menstrual Cycle,0.866470346435272,0.18181818181818182,4.765586905393996,gene_expression_profiling humans,Gene Expression Profiling Humans,0.866470346435272,0.18181818181818182,4.765586905393996
FinnGen,C8,456,762,genomewide_association_study mendelian_randomization_analysis (Genomewide Association Study Mendelian Randomization Analysis): 0.3802 | polymorphism_single_nucleotide (Polymorphism Single Nucleotide): 0.2505 | diabetes_mellitus_type_2 (Diabetes Mellitus Type 2): 0.2424 | genetic_predisposition_to_disease (Genetic Predisposition To Disease): 0.2239 | genetic_predisposition_to_disease genomewide_association_study (Genetic Predisposition To Disease Genomewide Association Study): 0.2065,"Research spanning Genomewide Association Study Mendelian Randomization Analysis, Polymorphism Single Nucleotide, and Diabetes Mellitus Type 2",Genomics,0.3802 - 0.2065,genomewide_association_study mendelian_randomization_analysis,Genomewide Association Study Mendelian Randomization Analysis,0.3802164034308483,0.2236842105263158,1.6997909800437923,polymorphism_single_nucleotide,Polymorphism Single Nucleotide,0.2505305795551182,0.3048245614035088,0.8218844912024021,diabetes_mellitus_type_2,Diabetes Mellitus Type 2,0.24244874314681858,0.09429824561403509,2.571084345929053,genetic_predisposition_to_disease,Genetic Predisposition To Disease,0.22392231200127283,0.17543859649122806,1.2763571784072552,genetic_predisposition_to_disease genomewide_association_study,Genetic Predisposition To Disease Genomewide Association Study,0.206500437889149,0.07456140350877193,2.76953528463094
FinnGen,C2,183,435,risk_factors (Risk Factors): 0.8213 | polymorphism_single_nucleotide risk_factors (Polymorphism Single Nucleotide Risk Factors): 0.8128 | humans mendelian_randomization_analysis (Humans Mendelian Randomization Analysis): 0.7617 | polymorphism_single_nucleotide (Polymorphism Single Nucleotide): 0.7231 | genomewide_association_study polymorphism_single_nucleotide (Genomewide Association Study Polymorphism Single Nucleotide): 0.7090,"Research spanning Risk Factors, Polymorphism Single Nucleotide Risk Factors, and Humans Mendelian Randomization Analysis",Genomics,0.8213 - 0.7090,risk_factors,Risk Factors,0.8213316900998211,0.6338797814207651,1.2957215455885107,polymorphism_single_nucleotide risk_factors,Polymorphism Single Nucleotide Risk Factors,0.8127782525749333,0.26229508196721313,3.098717087941933,humans mendelian_randomization_analysis,Humans Mendelian Randomization Analysis,0.7616689622022954,0.5409836065573771,1.4079335361921217,polymorphism_single_nucleotide,Polymorphism Single Nucleotide,0.7230787053747909,0.8797814207650273,0.8218844912024021,genomewide_association_study polymorphism_single_nucleotide,Genomewide Association Study Polymorphism Single Nucleotide,0.708999848554932,0.23497267759562843,3.017371448501222
FinnGen,C0,165,524,male (Male): 1.3400 | middle_aged (Middle Aged): 1.1059 | female male (Female Male): 1.0679 | humans male (Humans Male): 1.0273 | female (Female): 0.9628,"Research spanning Male, Middle Aged, and Female Male",Male,1.3400 - 0.9628,male,Male,1.3400426076660457,0.9454545454545454,1.4173527581083176,middle_aged,Middle Aged,1.105902369602327,0.509090909090909,2.1723082260045707,female male,Female Male,1.0679356824273516,0.3575757575757576,2.9865997898392034,humans male,Humans Male,1.0273033232094588,0.3333333333333333,3.0819099696283767,female,Female,0.962801452707227,0.8727272727272727,1.1032099978936976
FinnGen,C6,100,188,gastrointestinal_microbiome (Gastrointestinal Microbiome): 2.4056 | humans gastrointestinal_microbiome (Humans Gastrointestinal Microbiome): 1.5158 | gastrointestinal_microbiome genomewide_association_study (Gastrointestinal Microbiome Genomewide Association Study): 1.4826 | mendelian_randomization_analysis gastrointestinal_microbiome (Mendelian Randomization Analysis Gastrointestinal Microbiome): 1.0761 | gastrointestinal_microbiome mendelian_randomization_analysis (Gastrointestinal Microbiome Mendelian Randomization Analysis): 0.6771,"Research spanning Gastrointestinal Microbiome, Humans Gastrointestinal Microbiome, and Gastrointestinal Microbiome Genomewide Association Study",Genomics,2.4056 - 0.6771,gastrointestinal_microbiome,Gastrointestinal Microbiome,2.4055699074667336,1.0,2.4055699074667336,humans gastrointestinal_microbiome,Humans Gastrointestinal Microbiome,1.5157550822244021,0.47,3.2250108132434088,gastrointestinal_microbiome genomewide_association_study,Gastrointestinal Microbiome Genomewide Association Study,1.482620498490825,0.44,3.369592042024602,mendelian_randomization_analysis gastrointestinal_microbiome,Mendelian Randomization Analysis Gastrointestinal Microbiome,1.076050402382426,0.29,3.7105186289049175,gastrointestinal_microbiome mendelian_randomization_analysis,Gastrointestinal Microbiome Mendelian Randomization Analysis,0.677090488371902,0.16,4.231815552324387
FinnGen,C9,100,402,male female (Male Female): 2.3285 | male (Male): 1.3890 | middle_aged (Middle Aged): 1.2382 | female (Female): 1.1032 | female middle_aged (Female Middle Aged): 0.8579,"Research spanning Male Female, Male, and Middle Aged",Male Female,2.3285 - 0.8579,male female,Male Female,2.3285070295709183,0.87,2.676444861575768,male,Male,1.3890057029461513,0.98,1.4173527581083176,middle_aged,Middle Aged,1.2382156888226052,0.57,2.1723082260045707,female,Female,1.1032099978936976,1.0,1.1032099978936976,female middle_aged,Female Middle Aged,0.8578945364228993,0.21,4.0852120782042824
FinnGen,C7,89,217,humans genomewide_association_study (Humans Genomewide Association Study): 2.4844 | genomewide_association_study mendelian_randomization_analysis (Genomewide Association Study Mendelian Randomization Analysis): 1.0886 | polymorphism_single_nucleotide (Polymorphism Single Nucleotide): 0.3140 | telomere (Telomere): 0.3109 | lupus_erythematosus_systemic (Lupus Erythematosus Systemic): 0.2969,"Research spanning Humans Genomewide Association Study, Genomewide Association Study Mendelian Randomization Analysis, and Polymorphism Single Nucleotide",Genomics,2.4844 - 0.2969,humans genomewide_association_study,Humans Genomewide Association Study,2.484412610124344,0.9775280898876404,2.5415255436904207,genomewide_association_study mendelian_randomization_analysis,Genomewide Association Study Mendelian Randomization Analysis,1.0886301782302938,0.6404494382022472,1.6997909800437923,polymorphism_single_nucleotide,Polymorphism Single Nucleotide,0.3139783449537267,0.38202247191011235,0.8218844912024021,telomere,Telomere,0.3108745060979579,0.06741573033707865,4.611305173786376,lupus_erythematosus_systemic,Lupus Erythematosus Systemic,0.29687634668442897,0.06741573033707865,4.403665809152363
FinnGen,C3,73,214,pregnancy (Pregnancy): 2.8588 | female pregnancy (Female Pregnancy): 1.3553 | diabetes_gestational (Diabetes Gestational): 1.2731 | preeclampsia (Preeclampsia): 1.2178 | female (Female): 1.1032,"Research spanning Pregnancy, Female Pregnancy, and Diabetes Gestational",Metabolic,2.8588 - 1.1032,pregnancy,Pregnancy,2.8587664183475003,1.0,2.8587664183475003,female pregnancy,Female Pregnancy,1.3552666803934736,0.3424657534246575,3.957378706748943,diabetes_gestational,Diabetes Gestational,1.2731162638359435,0.3150684931506849,4.040760315653212,preeclampsia,Preeclampsia,1.217763382799598,0.3013698630136986,4.040760315653212,female,Female,1.1032099978936976,1.0,1.1032099978936976
FinnGen,C1,61,168,causality (Causality): 2.1971 | depressive_disorder_major (Depressive Disorder Major): 1.0599 | genomewide_association_study causality (Genomewide Association Study Causality): 0.8460 | humans depressive_disorder_major (Humans Depressive Disorder Major): 0.7346 | depression (Depression): 0.5781,"Research spanning Causality, Depressive Disorder Major, and Genomewide Association Study Causality",Genomics,2.1971 - 0.5781,causality,Causality,2.197121870859168,0.7540983606557377,2.9135746548349837,depressive_disorder_major,Depressive Disorder Major,1.0598715582041212,0.26229508196721313,4.040760315653212,genomewide_association_study causality,Genomewide Association Study Causality,0.8459807654976051,0.18032786885245902,4.69134788139581,humans depressive_disorder_major,Humans Depressive Disorder Major,0.734610976756202,0.14754098360655737,4.979029953569814,depression,Depression,0.5780888843032692,0.14754098360655737,3.9181579936110467
FinnGen,C4,47,159,genetic_predisposition_to_disease polymorphism_single_nucleotide (Genetic Predisposition To Disease Polymorphism Single Nucleotide): 2.0191 | autoimmune_diseases (Autoimmune Diseases): 2.0008 | mendelian_randomization_analysis autoimmune_diseases (Mendelian Randomization Analysis Autoimmune Diseases): 1.0370 | genetic_predisposition_to_disease (Genetic Predisposition To Disease): 0.9505 | humans mendelian_randomization_analysis (Humans Mendelian Randomization Analysis): 0.7489,"Research spanning Genetic Predisposition To Disease Polymorphism Single Nucleotide, Autoimmune Diseases, and Mendelian Randomization Analysis Autoimmune Diseases",Genomics,2.0191 - 0.7489,genetic_predisposition_to_disease polymorphism_single_nucleotide,Genetic Predisposition To Disease Polymorphism Single Nucleotide,2.019090301803798,0.5531914893617021,3.649894007106865,autoimmune_diseases,Autoimmune Diseases,2.000761528652449,0.5106382978723404,3.9181579936110467,mendelian_randomization_analysis autoimmune_diseases,Mendelian Randomization Analysis Autoimmune Diseases,1.0369509442602336,0.2127659574468085,4.873669438023098,genetic_predisposition_to_disease,Genetic Predisposition To Disease,0.9504787498777432,0.7446808510638298,1.2763571784072552,humans mendelian_randomization_analysis,Humans Mendelian Randomization Analysis,0.748900817123469,0.5319148936170213,1.4079335361921217
FinnGen,C5,34,117,crohn_disease (Crohn Disease): 3.2488 | colitis_ulcerative (Colitis Ulcerative): 3.2199 | inflammatory_bowel_diseases (Inflammatory Bowel Diseases): 3.1701 | colitis_ulcerative crohn_disease (Colitis Ulcerative Crohn Disease): 2.2690 | inflammatory_bowel_diseases colitis_ulcerative (Inflammatory Bowel Diseases Colitis Ulcerative): 1.3180,"Research spanning Crohn Disease, Colitis Ulcerative, and Inflammatory Bowel Diseases",Crohn Disease,3.2488 - 1.3180,crohn_disease,Crohn Disease,3.2488177161438068,0.8529411764705882,3.8089587016858424,colitis_ulcerative,Colitis Ulcerative,3.2199016867831767,0.8529411764705882,3.7750571500216554,inflammatory_bowel_diseases,Inflammatory Bowel Diseases,3.170060817602873,0.8823529411764706,3.592735593283256,colitis_ulcerative crohn_disease,Colitis Ulcerative Crohn Disease,2.2689967624758123,0.5294117647058824,4.285882773565423,inflammatory_bowel_diseases colitis_ulcerative,Inflammatory Bowel Diseases Colitis Ulcerative,1.3179785171214213,0.2647058823529412,4.979029953569814
Million Veteran Program,C1,82,296,genetic_predisposition_to_disease genomewide_association_study (Genetic Predisposition To Disease Genomewide Association Study): 0.7583 | phenotype (Phenotype): 0.7400 | genomewide_association_study humans (Genomewide Association Study Humans): 0.6416 | genetic_predisposition_to_disease (Genetic Predisposition To Disease): 0.6342 | polymorphism_single_nucleotide (Polymorphism Single Nucleotide): 0.6230,"Research spanning Genetic Predisposition To Disease Genomewide Association Study, Phenotype, and Genomewide Association Study Humans",Genomics,0.7583 - 0.6230,genetic_predisposition_to_disease genomewide_association_study,Genetic Predisposition To Disease Genomewide Association Study,0.7582587791712279,0.4268292682926829,1.7764919969154482,phenotype,Phenotype,0.7399847803915671,0.36585365853658536,2.022625066403617,genomewide_association_study humans,Genomewide Association Study Humans,0.6415563966464549,0.4024390243902439,1.5941704401517969,genetic_predisposition_to_disease,Genetic Predisposition To Disease,0.6341530632857046,0.5853658536585366,1.0833448164464121,polymorphism_single_nucleotide,Polymorphism Single Nucleotide,0.6229580777112874,0.6097560975609756,1.0216512474465114
Million Veteran Program,C2,53,268,female humans (Female Humans): 0.9441 | humans male (Humans Male): 0.7379 | male middle_aged (Male Middle Aged): 0.6640 | male (Male): 0.6022 | female (Female): 0.5987,"Research spanning Female Humans, Humans Male, and Male Middle Aged",Female Humans,0.9441 - 0.5987,female humans,Female Humans,0.9440600718305515,0.39622641509433965,2.382627800334249,humans male,Humans Male,0.7378856023615906,0.4716981132075472,1.5643174770065722,male middle_aged,Male Middle Aged,0.6640246819097834,0.33962264150943394,1.955183785623251,male,Male,0.6022202977272115,0.7924528301886793,0.7599446614176716,female,Female,0.5987260583295206,0.7169811320754716,0.8350652918806473
Million Veteran Program,C4,37,227,covid19 (Covid19): 0.7321 | male female (Male Female): 0.7038 | risk_factors (Risk Factors): 0.6822 | female (Female): 0.6545 | middle_aged (Middle Aged): 0.6536,"Research spanning Covid19, Male Female, and Risk Factors",Epidemiological,0.7321 - 0.6536,covid19,Covid19,0.7320929532156273,0.21621621621621623,3.385929908622276,male female,Male Female,0.7038129949973556,0.24324324324324326,2.893453423878017,risk_factors,Risk Factors,0.6821819487416225,0.5405405405405406,1.2620366051720016,female,Female,0.6545106341767235,0.7837837837837838,0.8350652918806473,middle_aged,Middle Aged,0.6535752452558172,0.5405405405405406,1.2091142037232618
Million Veteran Program,C0,31,228,united_states_department_of_veterans_affairs (United States Department Of Veterans Affairs): 1.1907 | united_states united_states_department_of_veterans_affairs (United States United States Department Of Veterans Affairs): 1.1706 | genotype (Genotype): 1.0991 | united_states (United States): 0.9323 | aged (Aged): 0.8956,"Research spanning United States Department Of Veterans Affairs, United States United States Department Of Veterans Affairs, and Genotype",Genomics,1.1907 - 0.8956,united_states_department_of_veterans_affairs,United States Department Of Veterans Affairs,1.1907103430413146,0.41935483870967744,2.839386202636981,united_states united_states_department_of_veterans_affairs,United States United States Department Of Veterans Affairs,1.170583995122337,0.3548387096774194,3.298918531708404,genotype,Genotype,1.0991172397304443,0.3870967741935484,2.839386202636981,united_states,United States,0.9323148644452891,0.6129032258064516,1.521145305147577,aged,Aged,0.8956388810898076,0.7096774193548387,1.2620366051720016
Million Veteran Program,C6,31,166,white_people (White People): 1.3036 | stress_disorders_posttraumatic (Stress Disorders Posttraumatic): 1.0927 | veterans white_people (Veterans White People): 1.0107 | multifactorial_inheritance (Multifactorial Inheritance): 0.8575 | stress_disorders_posttraumatic united_states (Stress Disorders Posttraumatic United States): 0.7727,"Research spanning White People, Stress Disorders Posttraumatic, and Veterans White People",White People,1.3036 - 0.7727,white_people,White People,1.303601880734782,0.5161290322580645,2.52572864392364,stress_disorders_posttraumatic,Stress Disorders Posttraumatic,1.0927428248498914,0.41935483870967744,2.6057713515651253,veterans white_people,Veterans White People,1.0106826062910073,0.2903225806451613,3.4812400883356918,multifactorial_inheritance,Multifactorial Inheritance,0.8574781571607354,0.3548387096774194,2.416529351998436,stress_disorders_posttraumatic united_states,Stress Disorders Posttraumatic United States,0.7726578796325837,0.1935483870967742,3.992065711435016
Million Veteran Program,C3,28,147,mendelian_randomization_analysis (Mendelian Randomization Analysis): 2.0462 | mendelian_randomization_analysis polymorphism_single_nucleotide (Mendelian Randomization Analysis Polymorphism Single Nucleotide): 1.2433 | humans mendelian_randomization_analysis (Humans Mendelian Randomization Analysis): 1.0584 | triglycerides (Triglycerides): 0.8554 | cholesterol_hdl (Cholesterol Hdl): 0.8224,"Research spanning Mendelian Randomization Analysis, Mendelian Randomization Analysis Polymorphism Single Nucleotide, and Humans Mendelian Randomization Analysis",Genomics,2.0462 - 0.8224,mendelian_randomization_analysis,Mendelian Randomization Analysis,2.046155563808274,1.0,2.046155563808274,mendelian_randomization_analysis polymorphism_single_nucleotide,Mendelian Randomization Analysis Polymorphism Single Nucleotide,1.2433000315484615,0.35714285714285715,3.4812400883356918,humans mendelian_randomization_analysis,Humans Mendelian Randomization Analysis,1.058395325542829,0.2857142857142857,3.7043836393999015,triglycerides,Triglycerides,0.8554426524503606,0.21428571428571427,3.992065711435016,cholesterol_hdl,Cholesterol Hdl,0.8224103639669684,0.21428571428571427,3.837915031845853
Million Veteran Program,C7,21,97,humans veterans (Humans Veterans): 2.1970 | aortic_aneurysm_abdominal (Aortic Aneurysm Abdominal): 1.1406 | veterans (Veterans): 0.7530 | brain_injuries_traumatic (Brain Injuries Traumatic): 0.7025 | crosssectional_studies (Crosssectional Studies): 0.5859,"Research spanning Humans Veterans, Aortic Aneurysm Abdominal, and Veterans",Humans Veterans,2.1970 - 0.5859,humans veterans,Humans Veterans,2.1969821289720435,0.7142857142857143,3.075774980560861,aortic_aneurysm_abdominal,Aortic Aneurysm Abdominal,1.1405902032671473,0.2857142857142857,3.992065711435016,veterans,Veterans,0.7530432032719148,0.8571428571428571,0.8785504038172339,brain_injuries_traumatic,Brain Injuries Traumatic,0.7025266280203061,0.23809523809523808,2.950611837685286,crosssectional_studies,Crosssectional Studies,0.5858619010592115,0.19047619047619047,3.075774980560861
Million Veteran Program,C8,21,161,incidence (Incidence): 1.6123 | prospective_studies (Prospective Studies): 1.4349 | humans incidence (Humans Incidence): 1.4112 | incidence male (Incidence Male): 1.2793 | risk_assessment (Risk Assessment): 1.1240,"Research spanning Incidence, Prospective Studies, and Humans Incidence",Epidemiological,1.6123 - 1.1240,incidence,Incidence,1.612347575534417,0.47619047619047616,3.385929908622276,prospective_studies,Prospective Studies,1.4348728659729222,0.5238095238095238,2.739302744130124,humans incidence,Humans Incidence,1.4111937673904387,0.38095238095238093,3.7043836393999015,incidence male,Incidence Male,1.2793050106152841,0.3333333333333333,3.837915031845853,risk_assessment,Risk Assessment,1.1240426048324899,0.38095238095238093,2.950611837685286
Million Veteran Program,C9,12,42,depressive_disorder_major (Depressive Disorder Major): 2.4696 | suicide_attempted (Suicide Attempted): 1.9751 | suicidal_ideation (Suicidal Ideation): 1.3307 | depressive_disorder_major genomewide_association_study (Depressive Disorder Major Genomewide Association Study): 1.1713 | humans interleukin6 (Humans Interleukin6): 0.8484,"Research spanning Depressive Disorder Major, Suicide Attempted, and Suicidal Ideation",Depressive Disorder Major,2.4696 - 0.8484,depressive_disorder_major,Depressive Disorder Major,2.4695890929332673,0.6666666666666666,3.7043836393999015,suicide_attempted,Suicide Attempted,1.975125780029661,0.5833333333333334,3.385929908622276,suicidal_ideation,Suicidal Ideation,1.3306885704783387,0.3333333333333333,3.992065711435016,depressive_disorder_major genomewide_association_study,Depressive Disorder Major Genomewide Association Study,1.1713032225820736,0.25,4.685212890328295,humans interleukin6,Humans Interleukin6,0.8484463327949654,0.16666666666666666,5.090677996769792
Million Veteran Program,C5,9,60,genomics (Genomics): 3.0097 | genomics humans (Genomics Humans): 2.7896 | genomewide_association_study genomics (Genomewide Association Study Genomics): 2.3191 | epigenesis_genetic (Epigenesis Genetic): 1.5617 | casecontrol_studies cell_cycle_proteins (Casecontrol Studies Cell Cycle Proteins): 1.1313,"Research spanning Genomics, Genomics Humans, and Genomewide Association Study Genomics",Genomics,3.0097 - 1.1313,genomics,Genomics,3.009715474330912,0.8888888888888888,3.385929908622276,genomics humans,Genomics Humans,2.789578247464094,0.7777777777777778,3.586600603882407,genomewide_association_study genomics,Genomewide Association Study Genomics,2.3191040377197982,0.5555555555555556,4.174387267895637,epigenesis_genetic,Epigenesis Genetic,1.5617376301094315,0.3333333333333333,4.685212890328295,casecontrol_studies cell_cycle_proteins,Casecontrol Studies Cell Cycle Proteins,1.1312617770599538,0.2222222222222222,5.090677996769792
UK Biobank,C1,1872,883,biological_specimen_banks (Biological Specimen Banks): 0.5157 | united_kingdom (United Kingdom): 0.3596 | animals (Animals): 0.2781 | risk_factors (Risk Factors): 0.2227 | crosssectional_studies (Crosssectional Studies): 0.2205,"Research spanning Biological Specimen Banks, United Kingdom, and Animals",Biological Specimen Banks,0.5157 - 0.2205,biological_specimen_banks,Biological Specimen Banks,0.515735272151475,0.4097222222222222,1.2587437150815661,united_kingdom,United Kingdom,0.35964319651140014,0.3872863247863248,0.9286235363715049,animals,Animals,0.2781179390838427,0.07799145299145299,3.5660053559243394,risk_factors,Risk Factors,0.22265709554089713,0.20032051282051283,1.1115042209401584,crosssectional_studies,Crosssectional Studies,0.22052351642694695,0.0811965811965812,2.7159212023108203
UK Biobank,C8,1511,861,male middle_aged (Male Middle Aged): 1.2239 | adult aged (Adult Aged): 1.1271 | female humans (Female Humans): 1.0103 | humans male (Humans Male): 0.9533 | middle_aged (Middle Aged): 0.8691,"Research spanning Male Middle Aged, Adult Aged, and Female Humans",Male Middle Aged,1.2239 - 0.8691,male middle_aged,Male Middle Aged,1.22385818877115,0.6796823295830576,1.8006326419018572,adult aged,Adult Aged,1.1270726755199605,0.5320979483785573,2.118167677500821,female humans,Female Humans,1.0102826763579371,0.4771674387822634,2.1172498252106005,humans male,Humans Male,0.9533105270634604,0.5459960291197882,1.7460026744156227,middle_aged,Middle Aged,0.8690728480716594,0.9119788219722038,0.9529528834806077
UK Biobank,C9,1200,777,male female (Male Female): 1.1318 | aged (Aged): 0.8973 | middle_aged (Middle Aged): 0.8600 | female middle_aged (Female Middle Aged): 0.8483 | adult (Adult): 0.7694,"Research spanning Male Female, Aged, and Middle Aged",Male Female,1.1318 - 0.7694,male female,Male Female,1.1317980535374887,0.4475,2.5291576615362876,aged,Aged,0.8972827585776225,0.7875,1.1394066775588858,middle_aged,Middle Aged,0.8600399773412484,0.9025,0.9529528834806077,female middle_aged,Female Middle Aged,0.8482934738385128,0.26166666666666666,3.241885887280941,adult,Adult,0.7693944104060652,0.6016666666666667,1.2787718732510778
UK Biobank,C5,1173,658,mendelian_randomization_analysis (Mendelian Randomization Analysis): 1.6008 | humans mendelian_randomization_analysis (Humans Mendelian Randomization Analysis): 0.9615 | genomewide_association_study (Genomewide Association Study): 0.8843 | polymorphism_single_nucleotide (Polymorphism Single Nucleotide): 0.8686 | genomewide_association_study mendelian_randomization_analysis (Genomewide Association Study Mendelian Randomization Analysis): 0.6742,"Research spanning Mendelian Randomization Analysis, Humans Mendelian Randomization Analysis, and Genomewide Association Study",Genomics,1.6008 - 0.6742,mendelian_randomization_analysis,Mendelian Randomization Analysis,1.6007662500588236,0.9914748508098892,1.6145303622691316,humans mendelian_randomization_analysis,Humans Mendelian Randomization Analysis,0.9615456208910576,0.3205456095481671,2.999715460918113,genomewide_association_study,Genomewide Association Study,0.884324909952613,0.793691389599318,1.1141923946019496,polymorphism_single_nucleotide,Polymorphism Single Nucleotide,0.868569143571723,0.5890878090366581,1.4744306880023605,genomewide_association_study mendelian_randomization_analysis,Genomewide Association Study Mendelian Randomization Analysis,0.6742312711521159,0.1815856777493606,3.7130200988799626
UK Biobank,C6,839,637,prospective_studies (Prospective Studies): 1.3105 | risk_factors (Risk Factors): 0.8333 | cardiovascular_diseases (Cardiovascular Diseases): 0.7852 | prospective_studies risk_factors (Prospective Studies Risk Factors): 0.7542 | humans prospective_studies (Humans Prospective Studies): 0.6350,"Research spanning Prospective Studies, Risk Factors, and Cardiovascular Diseases",Cardiovascular,1.3105 - 0.6350,prospective_studies,Prospective Studies,1.3104872916130297,0.766388557806913,1.7099515360238444,risk_factors,Risk Factors,0.8332969665928005,0.7497020262216925,1.1115042209401584,cardiovascular_diseases,Cardiovascular Diseases,0.7852143564231112,0.3456495828367104,2.271706362203415,prospective_studies risk_factors,Prospective Studies Risk Factors,0.7542317711211604,0.23122765196662692,3.2618580204672867,humans prospective_studies,Humans Prospective Studies,0.6349859189980406,0.1573301549463647,4.036008985146637
UK Biobank,C4,692,693,genetic_predisposition_to_disease genomewide_association_study (Genetic Predisposition To Disease Genomewide Association Study): 1.9502 | genomewide_association_study humans (Genomewide Association Study Humans): 1.6032 | genetic_predisposition_to_disease (Genetic Predisposition To Disease): 1.3779 | genomewide_association_study (Genomewide Association Study): 1.1029 | polymorphism_single_nucleotide (Polymorphism Single Nucleotide): 0.9013,"Research spanning Genetic Predisposition To Disease Genomewide Association Study, Genomewide Association Study Humans, and Genetic Predisposition To Disease",Genomics,1.9502 - 0.9013,genetic_predisposition_to_disease genomewide_association_study,Genetic Predisposition To Disease Genomewide Association Study,1.9501600417721028,0.6979768786127167,2.79401811367763,genomewide_association_study humans,Genomewide Association Study Humans,1.603185934366725,0.7196531791907514,2.2277202140196257,genetic_predisposition_to_disease,Genetic Predisposition To Disease,1.3778688595139816,0.8092485549132948,1.7026522335422773,genomewide_association_study,Genomewide Association Study,1.102921662286612,0.9898843930635838,1.1141923946019496,polymorphism_single_nucleotide,Polymorphism Single Nucleotide,0.9012777182442174,0.611271676300578,1.4744306880023605
UK Biobank,C3,640,577,phenotype (Phenotype): 1.5687 | humans genomewide_association_study (Humans Genomewide Association Study): 0.9280 | genomewide_association_study (Genomewide Association Study): 0.8879 | polymorphism_single_nucleotide (Polymorphism Single Nucleotide): 0.8754 | phenotype polymorphism_single_nucleotide (Phenotype Polymorphism Single Nucleotide): 0.7164,"Research spanning Phenotype, Humans Genomewide Association Study, and Genomewide Association Study",Genomics,1.5687 - 0.7164,phenotype,Phenotype,1.568667493994192,0.678125,2.313242387456873,humans genomewide_association_study,Humans Genomewide Association Study,0.9279901402159414,0.259375,3.577793311675918,genomewide_association_study,Genomewide Association Study,0.8878720644484286,0.796875,1.1141923946019496,polymorphism_single_nucleotide,Polymorphism Single Nucleotide,0.8754432210014016,0.59375,1.4744306880023605,phenotype polymorphism_single_nucleotide,Phenotype Polymorphism Single Nucleotide,0.7164246270201896,0.2015625,3.5543547387048164
UK Biobank,C7,583,550,brain (Brain): 2.1225 | magnetic_resonance_imaging (Magnetic Resonance Imaging): 2.0046 | humans magnetic_resonance_imaging (Humans Magnetic Resonance Imaging): 0.9629 | magnetic_resonance_imaging male (Magnetic Resonance Imaging Male): 0.8467 | white_matter (White Matter): 0.8463,"Research spanning Brain, Magnetic Resonance Imaging, and Humans Magnetic Resonance Imaging",Neurological,2.1225 - 0.8463,brain,Brain,2.1225491342773823,0.7718696397941681,2.7498803228526976,magnetic_resonance_imaging,Magnetic Resonance Imaging,2.0045588017820557,0.7015437392795884,2.8573539888482604,humans magnetic_resonance_imaging,Humans Magnetic Resonance Imaging,0.96286511200445,0.2332761578044597,4.127576178666135,magnetic_resonance_imaging male,Magnetic Resonance Imaging Male,0.8467448408978767,0.20411663807890223,4.148338170113127,white_matter,White Matter,0.8462983084470124,0.2109777015437393,4.01131637255779
UK Biobank,C0,339,578,genotype (Genotype): 3.1374 | genotype humans (Genotype Humans): 2.2016 | genomewide_association_study genotype (Genomewide Association Study Genotype): 1.7096 | phenotype (Phenotype): 0.7984 | polymorphism_single_nucleotide (Polymorphism Single Nucleotide): 0.6611,"Research spanning Genotype, Genotype Humans, and Genomewide Association Study Genotype",Genomics,3.1374 - 0.6611,genotype,Genotype,3.1373731885482576,1.0,3.1373731885482576,genotype humans,Genotype Humans,2.201604917101743,0.5781710914454278,3.807877892334137,genomewide_association_study genotype,Genomewide Association Study Genotype,1.7096345501738945,0.41002949852507375,4.169540377762232,phenotype,Phenotype,0.7983756912461774,0.34513274336283184,2.313242387456873,polymorphism_single_nucleotide,Polymorphism Single Nucleotide,0.6611016654169876,0.44837758112094395,1.4744306880023605
UK Biobank,C2,207,351,air_pollution (Air Pollution): 3.6367 | air_pollutants (Air Pollutants): 3.4905 | particulate_matter (Particulate Matter): 3.4026 | environmental_exposure (Environmental Exposure): 3.2408 | nitrogen_dioxide (Nitrogen Dioxide): 2.1115,"Research spanning Air Pollution, Air Pollutants, and Particulate Matter",Environmental,3.6367 - 2.1115,air_pollution,Air Pollution,3.636650066957735,0.9710144927536232,3.745206785374384,air_pollutants,Air Pollutants,3.4904883114633214,0.9130434782608695,3.8229157696979237,particulate_matter,Particulate Matter,3.4026480636926344,0.8888888888888888,3.827979071654214,environmental_exposure,Environmental Exposure,3.2408456116936937,0.8599033816425121,3.7688485484303063,nitrogen_dioxide,Nitrogen Dioxide,2.1115131574513173,0.46859903381642515,4.506012614354873
